complex_name,protein_path,ligand_description,protein_sequence,pocket_center_x,pocket_center_y,pocket_center_z,pocket_radius
118704754,"/home/pchatterjee/Documents/git/vs_workflow/DiffDock/diffdock_run/data/1H1Q_receptorH.pdb","/home/pchatterjee/Documents/git/vs_workflow/DiffDock/diffdock_run/data/ligands_sdf/118704754.sdf",,6.234,44.214,50.819,10.0
122199241,"/home/pchatterjee/Documents/git/vs_workflow/DiffDock/diffdock_run/data/1H1Q_receptorH.pdb","/home/pchatterjee/Documents/git/vs_workflow/DiffDock/diffdock_run/data/ligands_sdf/122199241.sdf",,6.234,44.214,50.819,10.0
123658957,"/home/pchatterjee/Documents/git/vs_workflow/DiffDock/diffdock_run/data/1H1Q_receptorH.pdb","/home/pchatterjee/Documents/git/vs_workflow/DiffDock/diffdock_run/data/ligands_sdf/123658957.sdf",,6.234,44.214,50.819,10.0
123920449,"/home/pchatterjee/Documents/git/vs_workflow/DiffDock/diffdock_run/data/1H1Q_receptorH.pdb","/home/pchatterjee/Documents/git/vs_workflow/DiffDock/diffdock_run/data/ligands_sdf/123920449.sdf",,6.234,44.214,50.819,10.0
123953120,"/home/pchatterjee/Documents/git/vs_workflow/DiffDock/diffdock_run/data/1H1Q_receptorH.pdb","/home/pchatterjee/Documents/git/vs_workflow/DiffDock/diffdock_run/data/ligands_sdf/123953120.sdf",,6.234,44.214,50.819,10.0
149664,"/home/pchatterjee/Documents/git/vs_workflow/DiffDock/diffdock_run/data/1H1Q_receptorH.pdb","/home/pchatterjee/Documents/git/vs_workflow/DiffDock/diffdock_run/data/ligands_sdf/149664.sdf",,6.234,44.214,50.819,10.0
447655,"/home/pchatterjee/Documents/git/vs_workflow/DiffDock/diffdock_run/data/1H1Q_receptorH.pdb","/home/pchatterjee/Documents/git/vs_workflow/DiffDock/diffdock_run/data/ligands_sdf/447655.sdf",,6.234,44.214,50.819,10.0
4565,"/home/pchatterjee/Documents/git/vs_workflow/DiffDock/diffdock_run/data/1H1Q_receptorH.pdb","/home/pchatterjee/Documents/git/vs_workflow/DiffDock/diffdock_run/data/ligands_sdf/4565.sdf",,6.234,44.214,50.819,10.0
4566,"/home/pchatterjee/Documents/git/vs_workflow/DiffDock/diffdock_run/data/1H1Q_receptorH.pdb","/home/pchatterjee/Documents/git/vs_workflow/DiffDock/diffdock_run/data/ligands_sdf/4566.sdf",,6.234,44.214,50.819,10.0
46221689,"/home/pchatterjee/Documents/git/vs_workflow/DiffDock/diffdock_run/data/1H1Q_receptorH.pdb","/home/pchatterjee/Documents/git/vs_workflow/DiffDock/diffdock_run/data/ligands_sdf/46221689.sdf",,6.234,44.214,50.819,10.0
46927371,"/home/pchatterjee/Documents/git/vs_workflow/DiffDock/diffdock_run/data/1H1Q_receptorH.pdb","/home/pchatterjee/Documents/git/vs_workflow/DiffDock/diffdock_run/data/ligands_sdf/46927371.sdf",,6.234,44.214,50.819,10.0
49863194,"/home/pchatterjee/Documents/git/vs_workflow/DiffDock/diffdock_run/data/1H1Q_receptorH.pdb","/home/pchatterjee/Documents/git/vs_workflow/DiffDock/diffdock_run/data/ligands_sdf/49863194.sdf",,6.234,44.214,50.819,10.0
49863196,"/home/pchatterjee/Documents/git/vs_workflow/DiffDock/diffdock_run/data/1H1Q_receptorH.pdb","/home/pchatterjee/Documents/git/vs_workflow/DiffDock/diffdock_run/data/ligands_sdf/49863196.sdf",,6.234,44.214,50.819,10.0
5329506,"/home/pchatterjee/Documents/git/vs_workflow/DiffDock/diffdock_run/data/1H1Q_receptorH.pdb","/home/pchatterjee/Documents/git/vs_workflow/DiffDock/diffdock_run/data/ligands_sdf/5329506.sdf",,6.234,44.214,50.819,10.0
5329520,"/home/pchatterjee/Documents/git/vs_workflow/DiffDock/diffdock_run/data/1H1Q_receptorH.pdb","/home/pchatterjee/Documents/git/vs_workflow/DiffDock/diffdock_run/data/ligands_sdf/5329520.sdf",,6.234,44.214,50.819,10.0
5329551,"/home/pchatterjee/Documents/git/vs_workflow/DiffDock/diffdock_run/data/1H1Q_receptorH.pdb","/home/pchatterjee/Documents/git/vs_workflow/DiffDock/diffdock_run/data/ligands_sdf/5329551.sdf",,6.234,44.214,50.819,10.0
5329552,"/home/pchatterjee/Documents/git/vs_workflow/DiffDock/diffdock_run/data/1H1Q_receptorH.pdb","/home/pchatterjee/Documents/git/vs_workflow/DiffDock/diffdock_run/data/ligands_sdf/5329552.sdf",,6.234,44.214,50.819,10.0
5329554,"/home/pchatterjee/Documents/git/vs_workflow/DiffDock/diffdock_run/data/1H1Q_receptorH.pdb","/home/pchatterjee/Documents/git/vs_workflow/DiffDock/diffdock_run/data/ligands_sdf/5329554.sdf",,6.234,44.214,50.819,10.0
5329555,"/home/pchatterjee/Documents/git/vs_workflow/DiffDock/diffdock_run/data/1H1Q_receptorH.pdb","/home/pchatterjee/Documents/git/vs_workflow/DiffDock/diffdock_run/data/ligands_sdf/5329555.sdf",,6.234,44.214,50.819,10.0
5329556,"/home/pchatterjee/Documents/git/vs_workflow/DiffDock/diffdock_run/data/1H1Q_receptorH.pdb","/home/pchatterjee/Documents/git/vs_workflow/DiffDock/diffdock_run/data/ligands_sdf/5329556.sdf",,6.234,44.214,50.819,10.0
5329557,"/home/pchatterjee/Documents/git/vs_workflow/DiffDock/diffdock_run/data/1H1Q_receptorH.pdb","/home/pchatterjee/Documents/git/vs_workflow/DiffDock/diffdock_run/data/ligands_sdf/5329557.sdf",,6.234,44.214,50.819,10.0
5329558,"/home/pchatterjee/Documents/git/vs_workflow/DiffDock/diffdock_run/data/1H1Q_receptorH.pdb","/home/pchatterjee/Documents/git/vs_workflow/DiffDock/diffdock_run/data/ligands_sdf/5329558.sdf",,6.234,44.214,50.819,10.0
5329559,"/home/pchatterjee/Documents/git/vs_workflow/DiffDock/diffdock_run/data/1H1Q_receptorH.pdb","/home/pchatterjee/Documents/git/vs_workflow/DiffDock/diffdock_run/data/ligands_sdf/5329559.sdf",,6.234,44.214,50.819,10.0
5329560,"/home/pchatterjee/Documents/git/vs_workflow/DiffDock/diffdock_run/data/1H1Q_receptorH.pdb","/home/pchatterjee/Documents/git/vs_workflow/DiffDock/diffdock_run/data/ligands_sdf/5329560.sdf",,6.234,44.214,50.819,10.0
5329561,"/home/pchatterjee/Documents/git/vs_workflow/DiffDock/diffdock_run/data/1H1Q_receptorH.pdb","/home/pchatterjee/Documents/git/vs_workflow/DiffDock/diffdock_run/data/ligands_sdf/5329561.sdf",,6.234,44.214,50.819,10.0
5329562,"/home/pchatterjee/Documents/git/vs_workflow/DiffDock/diffdock_run/data/1H1Q_receptorH.pdb","/home/pchatterjee/Documents/git/vs_workflow/DiffDock/diffdock_run/data/ligands_sdf/5329562.sdf",,6.234,44.214,50.819,10.0
5329563,"/home/pchatterjee/Documents/git/vs_workflow/DiffDock/diffdock_run/data/1H1Q_receptorH.pdb","/home/pchatterjee/Documents/git/vs_workflow/DiffDock/diffdock_run/data/ligands_sdf/5329563.sdf",,6.234,44.214,50.819,10.0
5329564,"/home/pchatterjee/Documents/git/vs_workflow/DiffDock/diffdock_run/data/1H1Q_receptorH.pdb","/home/pchatterjee/Documents/git/vs_workflow/DiffDock/diffdock_run/data/ligands_sdf/5329564.sdf",,6.234,44.214,50.819,10.0
5329565,"/home/pchatterjee/Documents/git/vs_workflow/DiffDock/diffdock_run/data/1H1Q_receptorH.pdb","/home/pchatterjee/Documents/git/vs_workflow/DiffDock/diffdock_run/data/ligands_sdf/5329565.sdf",,6.234,44.214,50.819,10.0
5329572,"/home/pchatterjee/Documents/git/vs_workflow/DiffDock/diffdock_run/data/1H1Q_receptorH.pdb","/home/pchatterjee/Documents/git/vs_workflow/DiffDock/diffdock_run/data/ligands_sdf/5329572.sdf",,6.234,44.214,50.819,10.0
5329573,"/home/pchatterjee/Documents/git/vs_workflow/DiffDock/diffdock_run/data/1H1Q_receptorH.pdb","/home/pchatterjee/Documents/git/vs_workflow/DiffDock/diffdock_run/data/ligands_sdf/5329573.sdf",,6.234,44.214,50.819,10.0
76328458,"/home/pchatterjee/Documents/git/vs_workflow/DiffDock/diffdock_run/data/1H1Q_receptorH.pdb","/home/pchatterjee/Documents/git/vs_workflow/DiffDock/diffdock_run/data/ligands_sdf/76328458.sdf",,6.234,44.214,50.819,10.0
9823200,"/home/pchatterjee/Documents/git/vs_workflow/DiffDock/diffdock_run/data/1H1Q_receptorH.pdb","/home/pchatterjee/Documents/git/vs_workflow/DiffDock/diffdock_run/data/ligands_sdf/9823200.sdf",,6.234,44.214,50.819,10.0
COLIG_2A6,"/home/pchatterjee/Documents/git/vs_workflow/DiffDock/diffdock_run/data/1H1Q_receptorH.pdb","/home/pchatterjee/Documents/git/vs_workflow/DiffDock/diffdock_run/data/ligands_sdf/COLIG_2A6.sdf",,6.234,44.214,50.819,10.0
Z1011080426,"/home/pchatterjee/Documents/git/vs_workflow/DiffDock/diffdock_run/data/1H1Q_receptorH.pdb","/home/pchatterjee/Documents/git/vs_workflow/DiffDock/diffdock_run/data/ligands_sdf/Z1011080426.sdf",,6.234,44.214,50.819,10.0
Z1013695804,"/home/pchatterjee/Documents/git/vs_workflow/DiffDock/diffdock_run/data/1H1Q_receptorH.pdb","/home/pchatterjee/Documents/git/vs_workflow/DiffDock/diffdock_run/data/ligands_sdf/Z1013695804.sdf",,6.234,44.214,50.819,10.0
Z1039088436,"/home/pchatterjee/Documents/git/vs_workflow/DiffDock/diffdock_run/data/1H1Q_receptorH.pdb","/home/pchatterjee/Documents/git/vs_workflow/DiffDock/diffdock_run/data/ligands_sdf/Z1039088436.sdf",,6.234,44.214,50.819,10.0
Z1041113928,"/home/pchatterjee/Documents/git/vs_workflow/DiffDock/diffdock_run/data/1H1Q_receptorH.pdb","/home/pchatterjee/Documents/git/vs_workflow/DiffDock/diffdock_run/data/ligands_sdf/Z1041113928.sdf",,6.234,44.214,50.819,10.0
Z1041113950,"/home/pchatterjee/Documents/git/vs_workflow/DiffDock/diffdock_run/data/1H1Q_receptorH.pdb","/home/pchatterjee/Documents/git/vs_workflow/DiffDock/diffdock_run/data/ligands_sdf/Z1041113950.sdf",,6.234,44.214,50.819,10.0
Z1041114218,"/home/pchatterjee/Documents/git/vs_workflow/DiffDock/diffdock_run/data/1H1Q_receptorH.pdb","/home/pchatterjee/Documents/git/vs_workflow/DiffDock/diffdock_run/data/ligands_sdf/Z1041114218.sdf",,6.234,44.214,50.819,10.0
Z105619926,"/home/pchatterjee/Documents/git/vs_workflow/DiffDock/diffdock_run/data/1H1Q_receptorH.pdb","/home/pchatterjee/Documents/git/vs_workflow/DiffDock/diffdock_run/data/ligands_sdf/Z105619926.sdf",,6.234,44.214,50.819,10.0
Z107240550,"/home/pchatterjee/Documents/git/vs_workflow/DiffDock/diffdock_run/data/1H1Q_receptorH.pdb","/home/pchatterjee/Documents/git/vs_workflow/DiffDock/diffdock_run/data/ligands_sdf/Z107240550.sdf",,6.234,44.214,50.819,10.0
Z107273728,"/home/pchatterjee/Documents/git/vs_workflow/DiffDock/diffdock_run/data/1H1Q_receptorH.pdb","/home/pchatterjee/Documents/git/vs_workflow/DiffDock/diffdock_run/data/ligands_sdf/Z107273728.sdf",,6.234,44.214,50.819,10.0
Z107740192,"/home/pchatterjee/Documents/git/vs_workflow/DiffDock/diffdock_run/data/1H1Q_receptorH.pdb","/home/pchatterjee/Documents/git/vs_workflow/DiffDock/diffdock_run/data/ligands_sdf/Z107740192.sdf",,6.234,44.214,50.819,10.0
Z1102775719,"/home/pchatterjee/Documents/git/vs_workflow/DiffDock/diffdock_run/data/1H1Q_receptorH.pdb","/home/pchatterjee/Documents/git/vs_workflow/DiffDock/diffdock_run/data/ligands_sdf/Z1102775719.sdf",,6.234,44.214,50.819,10.0
Z1127203562,"/home/pchatterjee/Documents/git/vs_workflow/DiffDock/diffdock_run/data/1H1Q_receptorH.pdb","/home/pchatterjee/Documents/git/vs_workflow/DiffDock/diffdock_run/data/ligands_sdf/Z1127203562.sdf",,6.234,44.214,50.819,10.0
Z1139464384,"/home/pchatterjee/Documents/git/vs_workflow/DiffDock/diffdock_run/data/1H1Q_receptorH.pdb","/home/pchatterjee/Documents/git/vs_workflow/DiffDock/diffdock_run/data/ligands_sdf/Z1139464384.sdf",,6.234,44.214,50.819,10.0
Z1139464858,"/home/pchatterjee/Documents/git/vs_workflow/DiffDock/diffdock_run/data/1H1Q_receptorH.pdb","/home/pchatterjee/Documents/git/vs_workflow/DiffDock/diffdock_run/data/ligands_sdf/Z1139464858.sdf",,6.234,44.214,50.819,10.0
Z1139476087,"/home/pchatterjee/Documents/git/vs_workflow/DiffDock/diffdock_run/data/1H1Q_receptorH.pdb","/home/pchatterjee/Documents/git/vs_workflow/DiffDock/diffdock_run/data/ligands_sdf/Z1139476087.sdf",,6.234,44.214,50.819,10.0
Z1159125105,"/home/pchatterjee/Documents/git/vs_workflow/DiffDock/diffdock_run/data/1H1Q_receptorH.pdb","/home/pchatterjee/Documents/git/vs_workflow/DiffDock/diffdock_run/data/ligands_sdf/Z1159125105.sdf",,6.234,44.214,50.819,10.0
Z1173513799,"/home/pchatterjee/Documents/git/vs_workflow/DiffDock/diffdock_run/data/1H1Q_receptorH.pdb","/home/pchatterjee/Documents/git/vs_workflow/DiffDock/diffdock_run/data/ligands_sdf/Z1173513799.sdf",,6.234,44.214,50.819,10.0
Z1192499493,"/home/pchatterjee/Documents/git/vs_workflow/DiffDock/diffdock_run/data/1H1Q_receptorH.pdb","/home/pchatterjee/Documents/git/vs_workflow/DiffDock/diffdock_run/data/ligands_sdf/Z1192499493.sdf",,6.234,44.214,50.819,10.0
Z1193314231,"/home/pchatterjee/Documents/git/vs_workflow/DiffDock/diffdock_run/data/1H1Q_receptorH.pdb","/home/pchatterjee/Documents/git/vs_workflow/DiffDock/diffdock_run/data/ligands_sdf/Z1193314231.sdf",,6.234,44.214,50.819,10.0
Z1198960055,"/home/pchatterjee/Documents/git/vs_workflow/DiffDock/diffdock_run/data/1H1Q_receptorH.pdb","/home/pchatterjee/Documents/git/vs_workflow/DiffDock/diffdock_run/data/ligands_sdf/Z1198960055.sdf",,6.234,44.214,50.819,10.0
Z1212176114,"/home/pchatterjee/Documents/git/vs_workflow/DiffDock/diffdock_run/data/1H1Q_receptorH.pdb","/home/pchatterjee/Documents/git/vs_workflow/DiffDock/diffdock_run/data/ligands_sdf/Z1212176114.sdf",,6.234,44.214,50.819,10.0
Z1212723352,"/home/pchatterjee/Documents/git/vs_workflow/DiffDock/diffdock_run/data/1H1Q_receptorH.pdb","/home/pchatterjee/Documents/git/vs_workflow/DiffDock/diffdock_run/data/ligands_sdf/Z1212723352.sdf",,6.234,44.214,50.819,10.0
Z1228382446,"/home/pchatterjee/Documents/git/vs_workflow/DiffDock/diffdock_run/data/1H1Q_receptorH.pdb","/home/pchatterjee/Documents/git/vs_workflow/DiffDock/diffdock_run/data/ligands_sdf/Z1228382446.sdf",,6.234,44.214,50.819,10.0
Z1255854579,"/home/pchatterjee/Documents/git/vs_workflow/DiffDock/diffdock_run/data/1H1Q_receptorH.pdb","/home/pchatterjee/Documents/git/vs_workflow/DiffDock/diffdock_run/data/ligands_sdf/Z1255854579.sdf",,6.234,44.214,50.819,10.0
Z1272453975,"/home/pchatterjee/Documents/git/vs_workflow/DiffDock/diffdock_run/data/1H1Q_receptorH.pdb","/home/pchatterjee/Documents/git/vs_workflow/DiffDock/diffdock_run/data/ligands_sdf/Z1272453975.sdf",,6.234,44.214,50.819,10.0
Z1274688759,"/home/pchatterjee/Documents/git/vs_workflow/DiffDock/diffdock_run/data/1H1Q_receptorH.pdb","/home/pchatterjee/Documents/git/vs_workflow/DiffDock/diffdock_run/data/ligands_sdf/Z1274688759.sdf",,6.234,44.214,50.819,10.0
Z1276127611,"/home/pchatterjee/Documents/git/vs_workflow/DiffDock/diffdock_run/data/1H1Q_receptorH.pdb","/home/pchatterjee/Documents/git/vs_workflow/DiffDock/diffdock_run/data/ligands_sdf/Z1276127611.sdf",,6.234,44.214,50.819,10.0
Z1365840340,"/home/pchatterjee/Documents/git/vs_workflow/DiffDock/diffdock_run/data/1H1Q_receptorH.pdb","/home/pchatterjee/Documents/git/vs_workflow/DiffDock/diffdock_run/data/ligands_sdf/Z1365840340.sdf",,6.234,44.214,50.819,10.0
Z1366063550,"/home/pchatterjee/Documents/git/vs_workflow/DiffDock/diffdock_run/data/1H1Q_receptorH.pdb","/home/pchatterjee/Documents/git/vs_workflow/DiffDock/diffdock_run/data/ligands_sdf/Z1366063550.sdf",,6.234,44.214,50.819,10.0
Z1368316620,"/home/pchatterjee/Documents/git/vs_workflow/DiffDock/diffdock_run/data/1H1Q_receptorH.pdb","/home/pchatterjee/Documents/git/vs_workflow/DiffDock/diffdock_run/data/ligands_sdf/Z1368316620.sdf",,6.234,44.214,50.819,10.0
Z1381816014,"/home/pchatterjee/Documents/git/vs_workflow/DiffDock/diffdock_run/data/1H1Q_receptorH.pdb","/home/pchatterjee/Documents/git/vs_workflow/DiffDock/diffdock_run/data/ligands_sdf/Z1381816014.sdf",,6.234,44.214,50.819,10.0
Z1396714415,"/home/pchatterjee/Documents/git/vs_workflow/DiffDock/diffdock_run/data/1H1Q_receptorH.pdb","/home/pchatterjee/Documents/git/vs_workflow/DiffDock/diffdock_run/data/ligands_sdf/Z1396714415.sdf",,6.234,44.214,50.819,10.0
Z1400966843,"/home/pchatterjee/Documents/git/vs_workflow/DiffDock/diffdock_run/data/1H1Q_receptorH.pdb","/home/pchatterjee/Documents/git/vs_workflow/DiffDock/diffdock_run/data/ligands_sdf/Z1400966843.sdf",,6.234,44.214,50.819,10.0
Z1440380604,"/home/pchatterjee/Documents/git/vs_workflow/DiffDock/diffdock_run/data/1H1Q_receptorH.pdb","/home/pchatterjee/Documents/git/vs_workflow/DiffDock/diffdock_run/data/ligands_sdf/Z1440380604.sdf",,6.234,44.214,50.819,10.0
Z1462327436,"/home/pchatterjee/Documents/git/vs_workflow/DiffDock/diffdock_run/data/1H1Q_receptorH.pdb","/home/pchatterjee/Documents/git/vs_workflow/DiffDock/diffdock_run/data/ligands_sdf/Z1462327436.sdf",,6.234,44.214,50.819,10.0
Z1463055422,"/home/pchatterjee/Documents/git/vs_workflow/DiffDock/diffdock_run/data/1H1Q_receptorH.pdb","/home/pchatterjee/Documents/git/vs_workflow/DiffDock/diffdock_run/data/ligands_sdf/Z1463055422.sdf",,6.234,44.214,50.819,10.0
Z1480672898,"/home/pchatterjee/Documents/git/vs_workflow/DiffDock/diffdock_run/data/1H1Q_receptorH.pdb","/home/pchatterjee/Documents/git/vs_workflow/DiffDock/diffdock_run/data/ligands_sdf/Z1480672898.sdf",,6.234,44.214,50.819,10.0
Z1511480964,"/home/pchatterjee/Documents/git/vs_workflow/DiffDock/diffdock_run/data/1H1Q_receptorH.pdb","/home/pchatterjee/Documents/git/vs_workflow/DiffDock/diffdock_run/data/ligands_sdf/Z1511480964.sdf",,6.234,44.214,50.819,10.0
Z1514091612,"/home/pchatterjee/Documents/git/vs_workflow/DiffDock/diffdock_run/data/1H1Q_receptorH.pdb","/home/pchatterjee/Documents/git/vs_workflow/DiffDock/diffdock_run/data/ligands_sdf/Z1514091612.sdf",,6.234,44.214,50.819,10.0
Z1526896036,"/home/pchatterjee/Documents/git/vs_workflow/DiffDock/diffdock_run/data/1H1Q_receptorH.pdb","/home/pchatterjee/Documents/git/vs_workflow/DiffDock/diffdock_run/data/ligands_sdf/Z1526896036.sdf",,6.234,44.214,50.819,10.0
Z1532981033,"/home/pchatterjee/Documents/git/vs_workflow/DiffDock/diffdock_run/data/1H1Q_receptorH.pdb","/home/pchatterjee/Documents/git/vs_workflow/DiffDock/diffdock_run/data/ligands_sdf/Z1532981033.sdf",,6.234,44.214,50.819,10.0
Z1546707089,"/home/pchatterjee/Documents/git/vs_workflow/DiffDock/diffdock_run/data/1H1Q_receptorH.pdb","/home/pchatterjee/Documents/git/vs_workflow/DiffDock/diffdock_run/data/ligands_sdf/Z1546707089.sdf",,6.234,44.214,50.819,10.0
Z1567242757,"/home/pchatterjee/Documents/git/vs_workflow/DiffDock/diffdock_run/data/1H1Q_receptorH.pdb","/home/pchatterjee/Documents/git/vs_workflow/DiffDock/diffdock_run/data/ligands_sdf/Z1567242757.sdf",,6.234,44.214,50.819,10.0
Z1568847546,"/home/pchatterjee/Documents/git/vs_workflow/DiffDock/diffdock_run/data/1H1Q_receptorH.pdb","/home/pchatterjee/Documents/git/vs_workflow/DiffDock/diffdock_run/data/ligands_sdf/Z1568847546.sdf",,6.234,44.214,50.819,10.0
Z1570962597,"/home/pchatterjee/Documents/git/vs_workflow/DiffDock/diffdock_run/data/1H1Q_receptorH.pdb","/home/pchatterjee/Documents/git/vs_workflow/DiffDock/diffdock_run/data/ligands_sdf/Z1570962597.sdf",,6.234,44.214,50.819,10.0
Z1576583090,"/home/pchatterjee/Documents/git/vs_workflow/DiffDock/diffdock_run/data/1H1Q_receptorH.pdb","/home/pchatterjee/Documents/git/vs_workflow/DiffDock/diffdock_run/data/ligands_sdf/Z1576583090.sdf",,6.234,44.214,50.819,10.0
Z1587211729,"/home/pchatterjee/Documents/git/vs_workflow/DiffDock/diffdock_run/data/1H1Q_receptorH.pdb","/home/pchatterjee/Documents/git/vs_workflow/DiffDock/diffdock_run/data/ligands_sdf/Z1587211729.sdf",,6.234,44.214,50.819,10.0
Z1587228937,"/home/pchatterjee/Documents/git/vs_workflow/DiffDock/diffdock_run/data/1H1Q_receptorH.pdb","/home/pchatterjee/Documents/git/vs_workflow/DiffDock/diffdock_run/data/ligands_sdf/Z1587228937.sdf",,6.234,44.214,50.819,10.0
Z1587261323,"/home/pchatterjee/Documents/git/vs_workflow/DiffDock/diffdock_run/data/1H1Q_receptorH.pdb","/home/pchatterjee/Documents/git/vs_workflow/DiffDock/diffdock_run/data/ligands_sdf/Z1587261323.sdf",,6.234,44.214,50.819,10.0
Z1612108812,"/home/pchatterjee/Documents/git/vs_workflow/DiffDock/diffdock_run/data/1H1Q_receptorH.pdb","/home/pchatterjee/Documents/git/vs_workflow/DiffDock/diffdock_run/data/ligands_sdf/Z1612108812.sdf",,6.234,44.214,50.819,10.0
Z1614095645,"/home/pchatterjee/Documents/git/vs_workflow/DiffDock/diffdock_run/data/1H1Q_receptorH.pdb","/home/pchatterjee/Documents/git/vs_workflow/DiffDock/diffdock_run/data/ligands_sdf/Z1614095645.sdf",,6.234,44.214,50.819,10.0
Z1614248048,"/home/pchatterjee/Documents/git/vs_workflow/DiffDock/diffdock_run/data/1H1Q_receptorH.pdb","/home/pchatterjee/Documents/git/vs_workflow/DiffDock/diffdock_run/data/ligands_sdf/Z1614248048.sdf",,6.234,44.214,50.819,10.0
Z16226176,"/home/pchatterjee/Documents/git/vs_workflow/DiffDock/diffdock_run/data/1H1Q_receptorH.pdb","/home/pchatterjee/Documents/git/vs_workflow/DiffDock/diffdock_run/data/ligands_sdf/Z16226176.sdf",,6.234,44.214,50.819,10.0
Z16226228,"/home/pchatterjee/Documents/git/vs_workflow/DiffDock/diffdock_run/data/1H1Q_receptorH.pdb","/home/pchatterjee/Documents/git/vs_workflow/DiffDock/diffdock_run/data/ligands_sdf/Z16226228.sdf",,6.234,44.214,50.819,10.0
Z16226232,"/home/pchatterjee/Documents/git/vs_workflow/DiffDock/diffdock_run/data/1H1Q_receptorH.pdb","/home/pchatterjee/Documents/git/vs_workflow/DiffDock/diffdock_run/data/ligands_sdf/Z16226232.sdf",,6.234,44.214,50.819,10.0
Z1623900637,"/home/pchatterjee/Documents/git/vs_workflow/DiffDock/diffdock_run/data/1H1Q_receptorH.pdb","/home/pchatterjee/Documents/git/vs_workflow/DiffDock/diffdock_run/data/ligands_sdf/Z1623900637.sdf",,6.234,44.214,50.819,10.0
Z1623913958,"/home/pchatterjee/Documents/git/vs_workflow/DiffDock/diffdock_run/data/1H1Q_receptorH.pdb","/home/pchatterjee/Documents/git/vs_workflow/DiffDock/diffdock_run/data/ligands_sdf/Z1623913958.sdf",,6.234,44.214,50.819,10.0
Z1624951105,"/home/pchatterjee/Documents/git/vs_workflow/DiffDock/diffdock_run/data/1H1Q_receptorH.pdb","/home/pchatterjee/Documents/git/vs_workflow/DiffDock/diffdock_run/data/ligands_sdf/Z1624951105.sdf",,6.234,44.214,50.819,10.0
Z1626892642,"/home/pchatterjee/Documents/git/vs_workflow/DiffDock/diffdock_run/data/1H1Q_receptorH.pdb","/home/pchatterjee/Documents/git/vs_workflow/DiffDock/diffdock_run/data/ligands_sdf/Z1626892642.sdf",,6.234,44.214,50.819,10.0
Z1627224447,"/home/pchatterjee/Documents/git/vs_workflow/DiffDock/diffdock_run/data/1H1Q_receptorH.pdb","/home/pchatterjee/Documents/git/vs_workflow/DiffDock/diffdock_run/data/ligands_sdf/Z1627224447.sdf",,6.234,44.214,50.819,10.0
Z1635228855,"/home/pchatterjee/Documents/git/vs_workflow/DiffDock/diffdock_run/data/1H1Q_receptorH.pdb","/home/pchatterjee/Documents/git/vs_workflow/DiffDock/diffdock_run/data/ligands_sdf/Z1635228855.sdf",,6.234,44.214,50.819,10.0
Z1646104587,"/home/pchatterjee/Documents/git/vs_workflow/DiffDock/diffdock_run/data/1H1Q_receptorH.pdb","/home/pchatterjee/Documents/git/vs_workflow/DiffDock/diffdock_run/data/ligands_sdf/Z1646104587.sdf",,6.234,44.214,50.819,10.0
Z1657740785,"/home/pchatterjee/Documents/git/vs_workflow/DiffDock/diffdock_run/data/1H1Q_receptorH.pdb","/home/pchatterjee/Documents/git/vs_workflow/DiffDock/diffdock_run/data/ligands_sdf/Z1657740785.sdf",,6.234,44.214,50.819,10.0
Z1657744734,"/home/pchatterjee/Documents/git/vs_workflow/DiffDock/diffdock_run/data/1H1Q_receptorH.pdb","/home/pchatterjee/Documents/git/vs_workflow/DiffDock/diffdock_run/data/ligands_sdf/Z1657744734.sdf",,6.234,44.214,50.819,10.0
Z1665619458,"/home/pchatterjee/Documents/git/vs_workflow/DiffDock/diffdock_run/data/1H1Q_receptorH.pdb","/home/pchatterjee/Documents/git/vs_workflow/DiffDock/diffdock_run/data/ligands_sdf/Z1665619458.sdf",,6.234,44.214,50.819,10.0
Z166744674,"/home/pchatterjee/Documents/git/vs_workflow/DiffDock/diffdock_run/data/1H1Q_receptorH.pdb","/home/pchatterjee/Documents/git/vs_workflow/DiffDock/diffdock_run/data/ligands_sdf/Z166744674.sdf",,6.234,44.214,50.819,10.0
Z1673780356,"/home/pchatterjee/Documents/git/vs_workflow/DiffDock/diffdock_run/data/1H1Q_receptorH.pdb","/home/pchatterjee/Documents/git/vs_workflow/DiffDock/diffdock_run/data/ligands_sdf/Z1673780356.sdf",,6.234,44.214,50.819,10.0
Z1677967961,"/home/pchatterjee/Documents/git/vs_workflow/DiffDock/diffdock_run/data/1H1Q_receptorH.pdb","/home/pchatterjee/Documents/git/vs_workflow/DiffDock/diffdock_run/data/ligands_sdf/Z1677967961.sdf",,6.234,44.214,50.819,10.0
Z168978470,"/home/pchatterjee/Documents/git/vs_workflow/DiffDock/diffdock_run/data/1H1Q_receptorH.pdb","/home/pchatterjee/Documents/git/vs_workflow/DiffDock/diffdock_run/data/ligands_sdf/Z168978470.sdf",,6.234,44.214,50.819,10.0
Z1719484408,"/home/pchatterjee/Documents/git/vs_workflow/DiffDock/diffdock_run/data/1H1Q_receptorH.pdb","/home/pchatterjee/Documents/git/vs_workflow/DiffDock/diffdock_run/data/ligands_sdf/Z1719484408.sdf",,6.234,44.214,50.819,10.0
Z1724269066,"/home/pchatterjee/Documents/git/vs_workflow/DiffDock/diffdock_run/data/1H1Q_receptorH.pdb","/home/pchatterjee/Documents/git/vs_workflow/DiffDock/diffdock_run/data/ligands_sdf/Z1724269066.sdf",,6.234,44.214,50.819,10.0
Z1762067520,"/home/pchatterjee/Documents/git/vs_workflow/DiffDock/diffdock_run/data/1H1Q_receptorH.pdb","/home/pchatterjee/Documents/git/vs_workflow/DiffDock/diffdock_run/data/ligands_sdf/Z1762067520.sdf",,6.234,44.214,50.819,10.0
Z1822975975,"/home/pchatterjee/Documents/git/vs_workflow/DiffDock/diffdock_run/data/1H1Q_receptorH.pdb","/home/pchatterjee/Documents/git/vs_workflow/DiffDock/diffdock_run/data/ligands_sdf/Z1822975975.sdf",,6.234,44.214,50.819,10.0
Z1827616875,"/home/pchatterjee/Documents/git/vs_workflow/DiffDock/diffdock_run/data/1H1Q_receptorH.pdb","/home/pchatterjee/Documents/git/vs_workflow/DiffDock/diffdock_run/data/ligands_sdf/Z1827616875.sdf",,6.234,44.214,50.819,10.0
Z1833218652,"/home/pchatterjee/Documents/git/vs_workflow/DiffDock/diffdock_run/data/1H1Q_receptorH.pdb","/home/pchatterjee/Documents/git/vs_workflow/DiffDock/diffdock_run/data/ligands_sdf/Z1833218652.sdf",,6.234,44.214,50.819,10.0
Z1833516258,"/home/pchatterjee/Documents/git/vs_workflow/DiffDock/diffdock_run/data/1H1Q_receptorH.pdb","/home/pchatterjee/Documents/git/vs_workflow/DiffDock/diffdock_run/data/ligands_sdf/Z1833516258.sdf",,6.234,44.214,50.819,10.0
Z1883550081,"/home/pchatterjee/Documents/git/vs_workflow/DiffDock/diffdock_run/data/1H1Q_receptorH.pdb","/home/pchatterjee/Documents/git/vs_workflow/DiffDock/diffdock_run/data/ligands_sdf/Z1883550081.sdf",,6.234,44.214,50.819,10.0
Z1887562379,"/home/pchatterjee/Documents/git/vs_workflow/DiffDock/diffdock_run/data/1H1Q_receptorH.pdb","/home/pchatterjee/Documents/git/vs_workflow/DiffDock/diffdock_run/data/ligands_sdf/Z1887562379.sdf",,6.234,44.214,50.819,10.0
Z1918494952,"/home/pchatterjee/Documents/git/vs_workflow/DiffDock/diffdock_run/data/1H1Q_receptorH.pdb","/home/pchatterjee/Documents/git/vs_workflow/DiffDock/diffdock_run/data/ligands_sdf/Z1918494952.sdf",,6.234,44.214,50.819,10.0
Z1935637461,"/home/pchatterjee/Documents/git/vs_workflow/DiffDock/diffdock_run/data/1H1Q_receptorH.pdb","/home/pchatterjee/Documents/git/vs_workflow/DiffDock/diffdock_run/data/ligands_sdf/Z1935637461.sdf",,6.234,44.214,50.819,10.0
Z195569274,"/home/pchatterjee/Documents/git/vs_workflow/DiffDock/diffdock_run/data/1H1Q_receptorH.pdb","/home/pchatterjee/Documents/git/vs_workflow/DiffDock/diffdock_run/data/ligands_sdf/Z195569274.sdf",,6.234,44.214,50.819,10.0
Z195980060,"/home/pchatterjee/Documents/git/vs_workflow/DiffDock/diffdock_run/data/1H1Q_receptorH.pdb","/home/pchatterjee/Documents/git/vs_workflow/DiffDock/diffdock_run/data/ligands_sdf/Z195980060.sdf",,6.234,44.214,50.819,10.0
Z196075054,"/home/pchatterjee/Documents/git/vs_workflow/DiffDock/diffdock_run/data/1H1Q_receptorH.pdb","/home/pchatterjee/Documents/git/vs_workflow/DiffDock/diffdock_run/data/ligands_sdf/Z196075054.sdf",,6.234,44.214,50.819,10.0
Z196075274,"/home/pchatterjee/Documents/git/vs_workflow/DiffDock/diffdock_run/data/1H1Q_receptorH.pdb","/home/pchatterjee/Documents/git/vs_workflow/DiffDock/diffdock_run/data/ligands_sdf/Z196075274.sdf",,6.234,44.214,50.819,10.0
Z196075810,"/home/pchatterjee/Documents/git/vs_workflow/DiffDock/diffdock_run/data/1H1Q_receptorH.pdb","/home/pchatterjee/Documents/git/vs_workflow/DiffDock/diffdock_run/data/ligands_sdf/Z196075810.sdf",,6.234,44.214,50.819,10.0
Z197456916,"/home/pchatterjee/Documents/git/vs_workflow/DiffDock/diffdock_run/data/1H1Q_receptorH.pdb","/home/pchatterjee/Documents/git/vs_workflow/DiffDock/diffdock_run/data/ligands_sdf/Z197456916.sdf",,6.234,44.214,50.819,10.0
Z216807044,"/home/pchatterjee/Documents/git/vs_workflow/DiffDock/diffdock_run/data/1H1Q_receptorH.pdb","/home/pchatterjee/Documents/git/vs_workflow/DiffDock/diffdock_run/data/ligands_sdf/Z216807044.sdf",,6.234,44.214,50.819,10.0
Z218103890,"/home/pchatterjee/Documents/git/vs_workflow/DiffDock/diffdock_run/data/1H1Q_receptorH.pdb","/home/pchatterjee/Documents/git/vs_workflow/DiffDock/diffdock_run/data/ligands_sdf/Z218103890.sdf",,6.234,44.214,50.819,10.0
Z2205184554,"/home/pchatterjee/Documents/git/vs_workflow/DiffDock/diffdock_run/data/1H1Q_receptorH.pdb","/home/pchatterjee/Documents/git/vs_workflow/DiffDock/diffdock_run/data/ligands_sdf/Z2205184554.sdf",,6.234,44.214,50.819,10.0
Z2272335630,"/home/pchatterjee/Documents/git/vs_workflow/DiffDock/diffdock_run/data/1H1Q_receptorH.pdb","/home/pchatterjee/Documents/git/vs_workflow/DiffDock/diffdock_run/data/ligands_sdf/Z2272335630.sdf",,6.234,44.214,50.819,10.0
Z2274813544,"/home/pchatterjee/Documents/git/vs_workflow/DiffDock/diffdock_run/data/1H1Q_receptorH.pdb","/home/pchatterjee/Documents/git/vs_workflow/DiffDock/diffdock_run/data/ligands_sdf/Z2274813544.sdf",,6.234,44.214,50.819,10.0
Z235827660,"/home/pchatterjee/Documents/git/vs_workflow/DiffDock/diffdock_run/data/1H1Q_receptorH.pdb","/home/pchatterjee/Documents/git/vs_workflow/DiffDock/diffdock_run/data/ligands_sdf/Z235827660.sdf",,6.234,44.214,50.819,10.0
Z237513862,"/home/pchatterjee/Documents/git/vs_workflow/DiffDock/diffdock_run/data/1H1Q_receptorH.pdb","/home/pchatterjee/Documents/git/vs_workflow/DiffDock/diffdock_run/data/ligands_sdf/Z237513862.sdf",,6.234,44.214,50.819,10.0
Z24682220,"/home/pchatterjee/Documents/git/vs_workflow/DiffDock/diffdock_run/data/1H1Q_receptorH.pdb","/home/pchatterjee/Documents/git/vs_workflow/DiffDock/diffdock_run/data/ligands_sdf/Z24682220.sdf",,6.234,44.214,50.819,10.0
Z24682342,"/home/pchatterjee/Documents/git/vs_workflow/DiffDock/diffdock_run/data/1H1Q_receptorH.pdb","/home/pchatterjee/Documents/git/vs_workflow/DiffDock/diffdock_run/data/ligands_sdf/Z24682342.sdf",,6.234,44.214,50.819,10.0
Z25402869,"/home/pchatterjee/Documents/git/vs_workflow/DiffDock/diffdock_run/data/1H1Q_receptorH.pdb","/home/pchatterjee/Documents/git/vs_workflow/DiffDock/diffdock_run/data/ligands_sdf/Z25402869.sdf",,6.234,44.214,50.819,10.0
Z25935093,"/home/pchatterjee/Documents/git/vs_workflow/DiffDock/diffdock_run/data/1H1Q_receptorH.pdb","/home/pchatterjee/Documents/git/vs_workflow/DiffDock/diffdock_run/data/ligands_sdf/Z25935093.sdf",,6.234,44.214,50.819,10.0
Z2610310359,"/home/pchatterjee/Documents/git/vs_workflow/DiffDock/diffdock_run/data/1H1Q_receptorH.pdb","/home/pchatterjee/Documents/git/vs_workflow/DiffDock/diffdock_run/data/ligands_sdf/Z2610310359.sdf",,6.234,44.214,50.819,10.0
Z2611593143,"/home/pchatterjee/Documents/git/vs_workflow/DiffDock/diffdock_run/data/1H1Q_receptorH.pdb","/home/pchatterjee/Documents/git/vs_workflow/DiffDock/diffdock_run/data/ligands_sdf/Z2611593143.sdf",,6.234,44.214,50.819,10.0
Z2611810317,"/home/pchatterjee/Documents/git/vs_workflow/DiffDock/diffdock_run/data/1H1Q_receptorH.pdb","/home/pchatterjee/Documents/git/vs_workflow/DiffDock/diffdock_run/data/ligands_sdf/Z2611810317.sdf",,6.234,44.214,50.819,10.0
Z2613622720,"/home/pchatterjee/Documents/git/vs_workflow/DiffDock/diffdock_run/data/1H1Q_receptorH.pdb","/home/pchatterjee/Documents/git/vs_workflow/DiffDock/diffdock_run/data/ligands_sdf/Z2613622720.sdf",,6.234,44.214,50.819,10.0
Z2636563025,"/home/pchatterjee/Documents/git/vs_workflow/DiffDock/diffdock_run/data/1H1Q_receptorH.pdb","/home/pchatterjee/Documents/git/vs_workflow/DiffDock/diffdock_run/data/ligands_sdf/Z2636563025.sdf",,6.234,44.214,50.819,10.0
Z2654643499,"/home/pchatterjee/Documents/git/vs_workflow/DiffDock/diffdock_run/data/1H1Q_receptorH.pdb","/home/pchatterjee/Documents/git/vs_workflow/DiffDock/diffdock_run/data/ligands_sdf/Z2654643499.sdf",,6.234,44.214,50.819,10.0
Z2684222059,"/home/pchatterjee/Documents/git/vs_workflow/DiffDock/diffdock_run/data/1H1Q_receptorH.pdb","/home/pchatterjee/Documents/git/vs_workflow/DiffDock/diffdock_run/data/ligands_sdf/Z2684222059.sdf",,6.234,44.214,50.819,10.0
Z2792840666,"/home/pchatterjee/Documents/git/vs_workflow/DiffDock/diffdock_run/data/1H1Q_receptorH.pdb","/home/pchatterjee/Documents/git/vs_workflow/DiffDock/diffdock_run/data/ligands_sdf/Z2792840666.sdf",,6.234,44.214,50.819,10.0
Z2832196726,"/home/pchatterjee/Documents/git/vs_workflow/DiffDock/diffdock_run/data/1H1Q_receptorH.pdb","/home/pchatterjee/Documents/git/vs_workflow/DiffDock/diffdock_run/data/ligands_sdf/Z2832196726.sdf",,6.234,44.214,50.819,10.0
Z28498395,"/home/pchatterjee/Documents/git/vs_workflow/DiffDock/diffdock_run/data/1H1Q_receptorH.pdb","/home/pchatterjee/Documents/git/vs_workflow/DiffDock/diffdock_run/data/ligands_sdf/Z28498395.sdf",,6.234,44.214,50.819,10.0
Z28511349,"/home/pchatterjee/Documents/git/vs_workflow/DiffDock/diffdock_run/data/1H1Q_receptorH.pdb","/home/pchatterjee/Documents/git/vs_workflow/DiffDock/diffdock_run/data/ligands_sdf/Z28511349.sdf",,6.234,44.214,50.819,10.0
Z2992988213,"/home/pchatterjee/Documents/git/vs_workflow/DiffDock/diffdock_run/data/1H1Q_receptorH.pdb","/home/pchatterjee/Documents/git/vs_workflow/DiffDock/diffdock_run/data/ligands_sdf/Z2992988213.sdf",,6.234,44.214,50.819,10.0
Z2994634090,"/home/pchatterjee/Documents/git/vs_workflow/DiffDock/diffdock_run/data/1H1Q_receptorH.pdb","/home/pchatterjee/Documents/git/vs_workflow/DiffDock/diffdock_run/data/ligands_sdf/Z2994634090.sdf",,6.234,44.214,50.819,10.0
Z2996605995,"/home/pchatterjee/Documents/git/vs_workflow/DiffDock/diffdock_run/data/1H1Q_receptorH.pdb","/home/pchatterjee/Documents/git/vs_workflow/DiffDock/diffdock_run/data/ligands_sdf/Z2996605995.sdf",,6.234,44.214,50.819,10.0
Z3000762692,"/home/pchatterjee/Documents/git/vs_workflow/DiffDock/diffdock_run/data/1H1Q_receptorH.pdb","/home/pchatterjee/Documents/git/vs_workflow/DiffDock/diffdock_run/data/ligands_sdf/Z3000762692.sdf",,6.234,44.214,50.819,10.0
Z3006954377,"/home/pchatterjee/Documents/git/vs_workflow/DiffDock/diffdock_run/data/1H1Q_receptorH.pdb","/home/pchatterjee/Documents/git/vs_workflow/DiffDock/diffdock_run/data/ligands_sdf/Z3006954377.sdf",,6.234,44.214,50.819,10.0
Z30084948,"/home/pchatterjee/Documents/git/vs_workflow/DiffDock/diffdock_run/data/1H1Q_receptorH.pdb","/home/pchatterjee/Documents/git/vs_workflow/DiffDock/diffdock_run/data/ligands_sdf/Z30084948.sdf",,6.234,44.214,50.819,10.0
Z30167053,"/home/pchatterjee/Documents/git/vs_workflow/DiffDock/diffdock_run/data/1H1Q_receptorH.pdb","/home/pchatterjee/Documents/git/vs_workflow/DiffDock/diffdock_run/data/ligands_sdf/Z30167053.sdf",,6.234,44.214,50.819,10.0
Z3071600379,"/home/pchatterjee/Documents/git/vs_workflow/DiffDock/diffdock_run/data/1H1Q_receptorH.pdb","/home/pchatterjee/Documents/git/vs_workflow/DiffDock/diffdock_run/data/ligands_sdf/Z3071600379.sdf",,6.234,44.214,50.819,10.0
Z3071631534,"/home/pchatterjee/Documents/git/vs_workflow/DiffDock/diffdock_run/data/1H1Q_receptorH.pdb","/home/pchatterjee/Documents/git/vs_workflow/DiffDock/diffdock_run/data/ligands_sdf/Z3071631534.sdf",,6.234,44.214,50.819,10.0
Z3091154570,"/home/pchatterjee/Documents/git/vs_workflow/DiffDock/diffdock_run/data/1H1Q_receptorH.pdb","/home/pchatterjee/Documents/git/vs_workflow/DiffDock/diffdock_run/data/ligands_sdf/Z3091154570.sdf",,6.234,44.214,50.819,10.0
Z31409736,"/home/pchatterjee/Documents/git/vs_workflow/DiffDock/diffdock_run/data/1H1Q_receptorH.pdb","/home/pchatterjee/Documents/git/vs_workflow/DiffDock/diffdock_run/data/ligands_sdf/Z31409736.sdf",,6.234,44.214,50.819,10.0
Z321281298,"/home/pchatterjee/Documents/git/vs_workflow/DiffDock/diffdock_run/data/1H1Q_receptorH.pdb","/home/pchatterjee/Documents/git/vs_workflow/DiffDock/diffdock_run/data/ligands_sdf/Z321281298.sdf",,6.234,44.214,50.819,10.0
Z321303522,"/home/pchatterjee/Documents/git/vs_workflow/DiffDock/diffdock_run/data/1H1Q_receptorH.pdb","/home/pchatterjee/Documents/git/vs_workflow/DiffDock/diffdock_run/data/ligands_sdf/Z321303522.sdf",,6.234,44.214,50.819,10.0
Z332934574,"/home/pchatterjee/Documents/git/vs_workflow/DiffDock/diffdock_run/data/1H1Q_receptorH.pdb","/home/pchatterjee/Documents/git/vs_workflow/DiffDock/diffdock_run/data/ligands_sdf/Z332934574.sdf",,6.234,44.214,50.819,10.0
Z352550402,"/home/pchatterjee/Documents/git/vs_workflow/DiffDock/diffdock_run/data/1H1Q_receptorH.pdb","/home/pchatterjee/Documents/git/vs_workflow/DiffDock/diffdock_run/data/ligands_sdf/Z352550402.sdf",,6.234,44.214,50.819,10.0
Z357964720,"/home/pchatterjee/Documents/git/vs_workflow/DiffDock/diffdock_run/data/1H1Q_receptorH.pdb","/home/pchatterjee/Documents/git/vs_workflow/DiffDock/diffdock_run/data/ligands_sdf/Z357964720.sdf",,6.234,44.214,50.819,10.0
Z3590543759,"/home/pchatterjee/Documents/git/vs_workflow/DiffDock/diffdock_run/data/1H1Q_receptorH.pdb","/home/pchatterjee/Documents/git/vs_workflow/DiffDock/diffdock_run/data/ligands_sdf/Z3590543759.sdf",,6.234,44.214,50.819,10.0
Z368851922,"/home/pchatterjee/Documents/git/vs_workflow/DiffDock/diffdock_run/data/1H1Q_receptorH.pdb","/home/pchatterjee/Documents/git/vs_workflow/DiffDock/diffdock_run/data/ligands_sdf/Z368851922.sdf",,6.234,44.214,50.819,10.0
Z373005086,"/home/pchatterjee/Documents/git/vs_workflow/DiffDock/diffdock_run/data/1H1Q_receptorH.pdb","/home/pchatterjee/Documents/git/vs_workflow/DiffDock/diffdock_run/data/ligands_sdf/Z373005086.sdf",,6.234,44.214,50.819,10.0
Z373007178,"/home/pchatterjee/Documents/git/vs_workflow/DiffDock/diffdock_run/data/1H1Q_receptorH.pdb","/home/pchatterjee/Documents/git/vs_workflow/DiffDock/diffdock_run/data/ligands_sdf/Z373007178.sdf",,6.234,44.214,50.819,10.0
Z3807133138,"/home/pchatterjee/Documents/git/vs_workflow/DiffDock/diffdock_run/data/1H1Q_receptorH.pdb","/home/pchatterjee/Documents/git/vs_workflow/DiffDock/diffdock_run/data/ligands_sdf/Z3807133138.sdf",,6.234,44.214,50.819,10.0
Z3950664500,"/home/pchatterjee/Documents/git/vs_workflow/DiffDock/diffdock_run/data/1H1Q_receptorH.pdb","/home/pchatterjee/Documents/git/vs_workflow/DiffDock/diffdock_run/data/ligands_sdf/Z3950664500.sdf",,6.234,44.214,50.819,10.0
Z407410718,"/home/pchatterjee/Documents/git/vs_workflow/DiffDock/diffdock_run/data/1H1Q_receptorH.pdb","/home/pchatterjee/Documents/git/vs_workflow/DiffDock/diffdock_run/data/ligands_sdf/Z407410718.sdf",,6.234,44.214,50.819,10.0
Z4122330572,"/home/pchatterjee/Documents/git/vs_workflow/DiffDock/diffdock_run/data/1H1Q_receptorH.pdb","/home/pchatterjee/Documents/git/vs_workflow/DiffDock/diffdock_run/data/ligands_sdf/Z4122330572.sdf",,6.234,44.214,50.819,10.0
Z415073346,"/home/pchatterjee/Documents/git/vs_workflow/DiffDock/diffdock_run/data/1H1Q_receptorH.pdb","/home/pchatterjee/Documents/git/vs_workflow/DiffDock/diffdock_run/data/ligands_sdf/Z415073346.sdf",,6.234,44.214,50.819,10.0
Z442313918,"/home/pchatterjee/Documents/git/vs_workflow/DiffDock/diffdock_run/data/1H1Q_receptorH.pdb","/home/pchatterjee/Documents/git/vs_workflow/DiffDock/diffdock_run/data/ligands_sdf/Z442313918.sdf",,6.234,44.214,50.819,10.0
Z442860920,"/home/pchatterjee/Documents/git/vs_workflow/DiffDock/diffdock_run/data/1H1Q_receptorH.pdb","/home/pchatterjee/Documents/git/vs_workflow/DiffDock/diffdock_run/data/ligands_sdf/Z442860920.sdf",,6.234,44.214,50.819,10.0
Z4464308327,"/home/pchatterjee/Documents/git/vs_workflow/DiffDock/diffdock_run/data/1H1Q_receptorH.pdb","/home/pchatterjee/Documents/git/vs_workflow/DiffDock/diffdock_run/data/ligands_sdf/Z4464308327.sdf",,6.234,44.214,50.819,10.0
Z4521998795,"/home/pchatterjee/Documents/git/vs_workflow/DiffDock/diffdock_run/data/1H1Q_receptorH.pdb","/home/pchatterjee/Documents/git/vs_workflow/DiffDock/diffdock_run/data/ligands_sdf/Z4521998795.sdf",,6.234,44.214,50.819,10.0
Z46401918,"/home/pchatterjee/Documents/git/vs_workflow/DiffDock/diffdock_run/data/1H1Q_receptorH.pdb","/home/pchatterjee/Documents/git/vs_workflow/DiffDock/diffdock_run/data/ligands_sdf/Z46401918.sdf",,6.234,44.214,50.819,10.0
Z48852930,"/home/pchatterjee/Documents/git/vs_workflow/DiffDock/diffdock_run/data/1H1Q_receptorH.pdb","/home/pchatterjee/Documents/git/vs_workflow/DiffDock/diffdock_run/data/ligands_sdf/Z48852930.sdf",,6.234,44.214,50.819,10.0
Z48858335,"/home/pchatterjee/Documents/git/vs_workflow/DiffDock/diffdock_run/data/1H1Q_receptorH.pdb","/home/pchatterjee/Documents/git/vs_workflow/DiffDock/diffdock_run/data/ligands_sdf/Z48858335.sdf",,6.234,44.214,50.819,10.0
Z48861625,"/home/pchatterjee/Documents/git/vs_workflow/DiffDock/diffdock_run/data/1H1Q_receptorH.pdb","/home/pchatterjee/Documents/git/vs_workflow/DiffDock/diffdock_run/data/ligands_sdf/Z48861625.sdf",,6.234,44.214,50.819,10.0
Z51119793,"/home/pchatterjee/Documents/git/vs_workflow/DiffDock/diffdock_run/data/1H1Q_receptorH.pdb","/home/pchatterjee/Documents/git/vs_workflow/DiffDock/diffdock_run/data/ligands_sdf/Z51119793.sdf",,6.234,44.214,50.819,10.0
Z52659738,"/home/pchatterjee/Documents/git/vs_workflow/DiffDock/diffdock_run/data/1H1Q_receptorH.pdb","/home/pchatterjee/Documents/git/vs_workflow/DiffDock/diffdock_run/data/ligands_sdf/Z52659738.sdf",,6.234,44.214,50.819,10.0
Z56840013,"/home/pchatterjee/Documents/git/vs_workflow/DiffDock/diffdock_run/data/1H1Q_receptorH.pdb","/home/pchatterjee/Documents/git/vs_workflow/DiffDock/diffdock_run/data/ligands_sdf/Z56840013.sdf",,6.234,44.214,50.819,10.0
Z56854611,"/home/pchatterjee/Documents/git/vs_workflow/DiffDock/diffdock_run/data/1H1Q_receptorH.pdb","/home/pchatterjee/Documents/git/vs_workflow/DiffDock/diffdock_run/data/ligands_sdf/Z56854611.sdf",,6.234,44.214,50.819,10.0
Z56890527,"/home/pchatterjee/Documents/git/vs_workflow/DiffDock/diffdock_run/data/1H1Q_receptorH.pdb","/home/pchatterjee/Documents/git/vs_workflow/DiffDock/diffdock_run/data/ligands_sdf/Z56890527.sdf",,6.234,44.214,50.819,10.0
Z56974472,"/home/pchatterjee/Documents/git/vs_workflow/DiffDock/diffdock_run/data/1H1Q_receptorH.pdb","/home/pchatterjee/Documents/git/vs_workflow/DiffDock/diffdock_run/data/ligands_sdf/Z56974472.sdf",,6.234,44.214,50.819,10.0
Z57110395,"/home/pchatterjee/Documents/git/vs_workflow/DiffDock/diffdock_run/data/1H1Q_receptorH.pdb","/home/pchatterjee/Documents/git/vs_workflow/DiffDock/diffdock_run/data/ligands_sdf/Z57110395.sdf",,6.234,44.214,50.819,10.0
Z57110399,"/home/pchatterjee/Documents/git/vs_workflow/DiffDock/diffdock_run/data/1H1Q_receptorH.pdb","/home/pchatterjee/Documents/git/vs_workflow/DiffDock/diffdock_run/data/ligands_sdf/Z57110399.sdf",,6.234,44.214,50.819,10.0
Z57346758,"/home/pchatterjee/Documents/git/vs_workflow/DiffDock/diffdock_run/data/1H1Q_receptorH.pdb","/home/pchatterjee/Documents/git/vs_workflow/DiffDock/diffdock_run/data/ligands_sdf/Z57346758.sdf",,6.234,44.214,50.819,10.0
Z645226424,"/home/pchatterjee/Documents/git/vs_workflow/DiffDock/diffdock_run/data/1H1Q_receptorH.pdb","/home/pchatterjee/Documents/git/vs_workflow/DiffDock/diffdock_run/data/ligands_sdf/Z645226424.sdf",,6.234,44.214,50.819,10.0
Z645508114,"/home/pchatterjee/Documents/git/vs_workflow/DiffDock/diffdock_run/data/1H1Q_receptorH.pdb","/home/pchatterjee/Documents/git/vs_workflow/DiffDock/diffdock_run/data/ligands_sdf/Z645508114.sdf",,6.234,44.214,50.819,10.0
Z646130978,"/home/pchatterjee/Documents/git/vs_workflow/DiffDock/diffdock_run/data/1H1Q_receptorH.pdb","/home/pchatterjee/Documents/git/vs_workflow/DiffDock/diffdock_run/data/ligands_sdf/Z646130978.sdf",,6.234,44.214,50.819,10.0
Z646214330,"/home/pchatterjee/Documents/git/vs_workflow/DiffDock/diffdock_run/data/1H1Q_receptorH.pdb","/home/pchatterjee/Documents/git/vs_workflow/DiffDock/diffdock_run/data/ligands_sdf/Z646214330.sdf",,6.234,44.214,50.819,10.0
Z646268634,"/home/pchatterjee/Documents/git/vs_workflow/DiffDock/diffdock_run/data/1H1Q_receptorH.pdb","/home/pchatterjee/Documents/git/vs_workflow/DiffDock/diffdock_run/data/ligands_sdf/Z646268634.sdf",,6.234,44.214,50.819,10.0
Z646312476,"/home/pchatterjee/Documents/git/vs_workflow/DiffDock/diffdock_run/data/1H1Q_receptorH.pdb","/home/pchatterjee/Documents/git/vs_workflow/DiffDock/diffdock_run/data/ligands_sdf/Z646312476.sdf",,6.234,44.214,50.819,10.0
Z746476900,"/home/pchatterjee/Documents/git/vs_workflow/DiffDock/diffdock_run/data/1H1Q_receptorH.pdb","/home/pchatterjee/Documents/git/vs_workflow/DiffDock/diffdock_run/data/ligands_sdf/Z746476900.sdf",,6.234,44.214,50.819,10.0
Z769272146,"/home/pchatterjee/Documents/git/vs_workflow/DiffDock/diffdock_run/data/1H1Q_receptorH.pdb","/home/pchatterjee/Documents/git/vs_workflow/DiffDock/diffdock_run/data/ligands_sdf/Z769272146.sdf",,6.234,44.214,50.819,10.0
Z776287114,"/home/pchatterjee/Documents/git/vs_workflow/DiffDock/diffdock_run/data/1H1Q_receptorH.pdb","/home/pchatterjee/Documents/git/vs_workflow/DiffDock/diffdock_run/data/ligands_sdf/Z776287114.sdf",,6.234,44.214,50.819,10.0
Z811081058,"/home/pchatterjee/Documents/git/vs_workflow/DiffDock/diffdock_run/data/1H1Q_receptorH.pdb","/home/pchatterjee/Documents/git/vs_workflow/DiffDock/diffdock_run/data/ligands_sdf/Z811081058.sdf",,6.234,44.214,50.819,10.0
Z811085044,"/home/pchatterjee/Documents/git/vs_workflow/DiffDock/diffdock_run/data/1H1Q_receptorH.pdb","/home/pchatterjee/Documents/git/vs_workflow/DiffDock/diffdock_run/data/ligands_sdf/Z811085044.sdf",,6.234,44.214,50.819,10.0
Z878814608,"/home/pchatterjee/Documents/git/vs_workflow/DiffDock/diffdock_run/data/1H1Q_receptorH.pdb","/home/pchatterjee/Documents/git/vs_workflow/DiffDock/diffdock_run/data/ligands_sdf/Z878814608.sdf",,6.234,44.214,50.819,10.0
Z89684168,"/home/pchatterjee/Documents/git/vs_workflow/DiffDock/diffdock_run/data/1H1Q_receptorH.pdb","/home/pchatterjee/Documents/git/vs_workflow/DiffDock/diffdock_run/data/ligands_sdf/Z89684168.sdf",,6.234,44.214,50.819,10.0
Z89758626,"/home/pchatterjee/Documents/git/vs_workflow/DiffDock/diffdock_run/data/1H1Q_receptorH.pdb","/home/pchatterjee/Documents/git/vs_workflow/DiffDock/diffdock_run/data/ligands_sdf/Z89758626.sdf",,6.234,44.214,50.819,10.0
Z91647328,"/home/pchatterjee/Documents/git/vs_workflow/DiffDock/diffdock_run/data/1H1Q_receptorH.pdb","/home/pchatterjee/Documents/git/vs_workflow/DiffDock/diffdock_run/data/ligands_sdf/Z91647328.sdf",,6.234,44.214,50.819,10.0
Z91661383,"/home/pchatterjee/Documents/git/vs_workflow/DiffDock/diffdock_run/data/1H1Q_receptorH.pdb","/home/pchatterjee/Documents/git/vs_workflow/DiffDock/diffdock_run/data/ligands_sdf/Z91661383.sdf",,6.234,44.214,50.819,10.0
Z94803042,"/home/pchatterjee/Documents/git/vs_workflow/DiffDock/diffdock_run/data/1H1Q_receptorH.pdb","/home/pchatterjee/Documents/git/vs_workflow/DiffDock/diffdock_run/data/ligands_sdf/Z94803042.sdf",,6.234,44.214,50.819,10.0
Z98478099,"/home/pchatterjee/Documents/git/vs_workflow/DiffDock/diffdock_run/data/1H1Q_receptorH.pdb","/home/pchatterjee/Documents/git/vs_workflow/DiffDock/diffdock_run/data/ligands_sdf/Z98478099.sdf",,6.234,44.214,50.819,10.0
Z990898380,"/home/pchatterjee/Documents/git/vs_workflow/DiffDock/diffdock_run/data/1H1Q_receptorH.pdb","/home/pchatterjee/Documents/git/vs_workflow/DiffDock/diffdock_run/data/ligands_sdf/Z990898380.sdf",,6.234,44.214,50.819,10.0
Z991906088,"/home/pchatterjee/Documents/git/vs_workflow/DiffDock/diffdock_run/data/1H1Q_receptorH.pdb","/home/pchatterjee/Documents/git/vs_workflow/DiffDock/diffdock_run/data/ligands_sdf/Z991906088.sdf",,6.234,44.214,50.819,10.0
Z996015122,"/home/pchatterjee/Documents/git/vs_workflow/DiffDock/diffdock_run/data/1H1Q_receptorH.pdb","/home/pchatterjee/Documents/git/vs_workflow/DiffDock/diffdock_run/data/ligands_sdf/Z996015122.sdf",,6.234,44.214,50.819,10.0
